trinucleotide,bg_count,snp_count,mut_rate
AAA,748893,483,2.49981375611177e-06
AAC,324835,272,3.24553562852363e-06
AAG,467207,405,3.35989709456508e-06
AAT,410977,391,3.68756372246863e-06
ACA,456407,365,3.09970855436166e-06
ACC,296117,253,3.31159695336222e-06
ACG,89518,255,1.10410430642246e-05
ACT,373516,285,2.9574400100416e-06
AGA,505524,454,3.48092261194448e-06
AGC,397540,310,3.02246412335086e-06
AGG,501316,501,3.87352581029985e-06
ATA,292595,472,6.25252435735773e-06
ATC,271463,205,2.92700531347127e-06
ATG,388096,395,3.94492020515023e-06
CAA,398119,228,2.21974065601631e-06
CAC,419012,304,2.81207835012699e-06
CAG,591068,452,2.96402103395231e-06
CCA,484412,421,3.36858489413234e-06
CCC,473090,496,4.06366784365562e-06
CCG,116859,282,9.35335109674012e-06
CGA,65555,156,9.22357047960793e-06
CGC,101867,293,1.11484476300341e-05
CTA,249937,223,3.45823581651103e-06
CTC,472302,372,3.05283582351182e-06
GAA,462464,294,2.46405100444776e-06
GAC,265827,221,3.22235569481964e-06
GCA,385799,320,3.2149126294246e-06
GCC,374160,356,3.68784734135212e-06
GGA,432485,493,4.41830979843993e-06
GTA,205810,249,4.68935561474062e-06
TAA,346327,313,3.50298502448161e-06
TCA,472620,434,3.55924536125356e-06
