trinucleotide,bg_count,snp_count,mut_rate
AAA,1911921,838,1.698847397724e-06
AAC,968114,489,1.95777443277269e-06
AAG,1437326,729,1.96585979475e-06
AAT,1101789,755,2.65600454274574e-06
ACA,1225931,645,2.03926648400277e-06
ACC,1211359,506,1.61904134949055e-06
ACG,550699,499,3.51209740190518e-06
ACT,1081088,525,1.88225539542593e-06
AGA,1553404,917,2.28804841875743e-06
AGC,1581335,606,1.48535080125484e-06
AGG,2004441,1024,1.98009931350537e-06
ATA,768979,843,4.2490651376242e-06
ATC,837642,430,1.9897123910533e-06
ATG,983377,667,2.62897273154595e-06
CAA,1164561,450,1.49771978154139e-06
CAC,1413053,554,1.51960812630908e-06
CAG,2070301,705,1.31988447068078e-06
CCA,1771318,743,1.62582041239366e-06
CCC,2590381,1056,1.58008542211125e-06
CCG,1451542,804,2.14687488875103e-06
CGA,598520,425,2.75226696134703e-06
CGC,1436753,803,2.16627569302113e-06
CTA,765881,457,2.31278466166071e-06
CTC,1946697,668,1.33002068982574e-06
GAA,1392779,531,1.47772154439701e-06
GAC,1034602,439,1.64464246888842e-06
GCA,1398003,597,1.65518492333142e-06
GCC,2191712,877,1.55094501750301e-06
GGA,1824009,912,1.93797493374771e-06
GTA,652994,491,2.9144230654398e-06
TAA,949583,709,2.8939671576933e-06
TCA,1235783,696,2.18296773673424e-06
